{
  "project_info": {
    "project_number": "81462470778",
    "project_id": "transport-1bd09",
    "storage_bucket": "transport-1bd09.appspot.com"
  },
  "client": [
    {
      "client_info": {
        "mobilesdk_app_id": "1:81462470778:android:4f5d353f074a5e4182b3c3",
        "android_client_info": {
          "package_name": "com.maxtra.transportuser"
        }
      },
      "oauth_client": [
        {
          "client_id": "81462470778-0a1onfhb44aed8g6dsulk54v6lap0aju.apps.googleusercontent.com",
          "client_type": 1,
          "android_info": {
            "package_name": "com.maxtra.transportuser",
            "certificate_hash": "98035ff44f5f944ae7f66f7492ed6f6636d7f377"
          }
        },
        {
          "client_id": "81462470778-paslqjbimqf2ggcouv2lei1j4tc6k2d7.apps.googleusercontent.com",
          "client_type": 3
        }
      ],
      "api_key": [
        {
          "current_key": "AIzaSyCpnq_sV63irnvxo4QXEXUrVo6lZhVZB0g"
        }
      ],
      "services": {
        "appinvite_service": {
          "other_platform_oauth_client": [
            {
              "client_id": "81462470778-paslqjbimqf2ggcouv2lei1j4tc6k2d7.apps.googleusercontent.com",
              "client_type": 3
            }
          ]
        }
      }
    }
  ],
  "configuration_version": "1"
}