{
  "project_info": {
    "project_number": "29110377799",
    "project_id": "transport-user-384ae",
    "storage_bucket": "transport-user-384ae.appspot.com"
  },
  "client": [
    {
      "client_info": {
        "mobilesdk_app_id": "1:29110377799:android:1b01d63606a9b5a852c062",
        "android_client_info": {
          "package_name": "com.transportuser"
        }
      },
      "oauth_client": [
        {
          "client_id": "29110377799-dnshb0occ6u43a0tsbi8u13mmgumndhq.apps.googleusercontent.com",
          "client_type": 1,
          "android_info": {
            "package_name": "com.transportuser",
            "certificate_hash": "1e894e93539a20c7cc0376335f797370e9142285"
          }
        },
        {
          "client_id": "29110377799-3b41sl62l9uo9p3lsvev7ic91t10vml6.apps.googleusercontent.com",
          "client_type": 3
        }
      ],
      "api_key": [
        {
          "current_key": "AIzaSyBMZRduOyveu6iZJQrpZhekNhrluDM5GHY"
        }
      ],
      "services": {
        "appinvite_service": {
          "other_platform_oauth_client": [
            {
              "client_id": "29110377799-3b41sl62l9uo9p3lsvev7ic91t10vml6.apps.googleusercontent.com",
              "client_type": 3
            }
          ]
        }
      }
    }
  ],
  "configuration_version": "1"
}